{"name":"Liberty Global Theme","textClasses":{"label":{"color":"#243347","fontFace":"Arial"},"title":{"color":"#243347","fontFace":"Arial"},"callout":{"color":"#243347","fontFace":"Arial"},"header":{"color":"#243347","fontFace":"'Arial Rounded MT Bold'"}},"dataColors":["#68B5C8","#A7BF62","#A8D0C0","#239A98","#F5B0A3","#C09CBE","#FDC400","#D9415C"],"foreground":"#243347","foregroundNeutralSecondary":"#535F6F","backgroundLight":"#ADB4BB","foregroundNeutralTertiary":"#D6D9DD","backgroundNeutral":"#C5C6C6","visualStyles":{"*":{"*":{"visualHeader":[{"foreground":{"solid":{"color":"#243347"}}}],"visualTooltip":[{"titleFontColor":{"solid":{"color":"#C5C6C6"}},"background":{"solid":{"color":"#575756"}}}],"visualHeaderTooltip":[{"titleFontColor":{"solid":{"color":"#C5C6C6"}},"background":{"solid":{"color":"#575756"}}}],"outspacePane":[{"foregroundColor":{"solid":{"color":"#243347"}},"checkboxAndApplyColor":{"solid":{"color":"#68B5C8"}}}],"filterCard":[{"$id":"Applied","foregroundColor":{"solid":{"color":"#243347"}}},{"$id":"Available","foregroundColor":{"solid":{"color":"#243347"}}}]}}}}